,^IRX,^FVX,^TNX,^TYX
2017-01-13,9.904295241414118e-05,0.0003691535431151749,0.0004654807457107335,0.000580178814800103
2017-01-20,7.960467265566429e-05,0.0002989565197661914,0.0003781493472980735,0.00046891034796514575
2017-01-27,9.63970318239582e-05,0.000381071994161708,0.0004856350791218045,0.0005984088241863805
2017-02-03,9.781881173376306e-05,0.0003783472630538576,0.0004849779083526684,0.0006023008050477507
2017-02-10,0.00010307041396462324,0.00036459352984108406,0.000469009069312909,0.0005886213768739879
2017-02-17,0.00010267558190579784,0.0003822017300441072,0.0004815676691054538,0.0005970228645801878
2017-02-24,7.960480311108853e-05,0.00029533377630674984,0.0003745837858650791,0.00047130075771883995
2017-03-03,0.00011695779271359008,0.00038476822068833627,0.00047730219523112183,0.0005940153978798435
2017-03-10,0.00014180365183991128,0.0004074190505636288,0.0004992291180347941,0.0006138527422259177
2017-03-17,0.00014282801068588036,0.00040547345893093834,0.0004991125286832876,0.0006143146669541633
2017-03-24,0.00014657104238735563,0.0003835262020994712,0.00047544423540357705,0.0005935544062145581
2017-03-31,0.00014952566764137032,0.0003810342815184775,0.0004699010640538681,0.0005876967232152364
2017-04-07,0.00015362160482146336,0.00036958192926728195,0.00046187376364525967,0.0005854610624298484
2017-04-14,0.00012534502091376964,0.0002881238685639165,0.00036050335325055194,0.0004590403111270902
2017-04-21,0.0001546850758753493,0.0003441995911090956,0.0004361794882061787,0.0005635899532123734
2017-04-28,0.0001559846052556768,0.0003587858175666536,0.0004508548468984408,0.0005787131528360856
2017-05-05,0.00016594417585968912,0.0003645934189193678,0.00045663635029091765,0.0005841885512676281
2017-05-12,0.00017188710730509094,0.0003756198485034279,0.00046803938297612646,0.0005914739677583825
2017-05-19,0.0001742084711837677,0.0003546903934115164,0.00044588461938643853,0.0005752788175559242
2017-05-26,0.00017833898275831928,0.00035457498054758396,0.00044390711165664953,0.0005725034960075703
2017-06-02,0.000148559551438332,0.0002751007967460861,0.0003450524789947451,0.0004471569584483248
2017-06-09,0.00019084351762010954,0.0003428734418016166,0.00042798365791529847,0.0005556771402903671
2017-06-16,0.00019418470042342761,0.00034595536776360625,0.00042708953040015984,0.0005511968044982218
2017-06-23,0.00019005680693418014,0.0003475159973493902,0.00042390382049006803,0.0005358996084598999
2017-06-30,0.00019367319966079322,0.00035874537680546936,0.0004367208387499044,0.0005429688184865888
2017-07-07,0.0001593687824248402,0.0003048003600625293,0.00037043569605010873,0.00045213507177965795
2017-07-14,0.00020098307023452833,0.0003728543467917955,0.00046008919046380825,0.0005702274056171852
2017-07-21,0.00021300060476692195,0.00035851289194788194,0.000444993675664751,0.0005568734113776674
2017-07-28,0.00021783041448375506,0.0003619820982536659,0.00044976795410511805,0.0005655963481048243
2017-08-04,0.00020813274605435694,0.0003564465806160655,0.0004435186170599348,0.0005574911013195294
2017-08-11,0.00020212248515361075,0.00035262447002537556,0.00043893638184711037,0.0005517380678266015
2017-08-18,0.00019595320970400287,0.000349972985141056,0.00043590772813972833,0.0005485717305142579
2017-08-25,0.0001948134415123981,0.000346813774910526,0.00042911038983106664,0.000541155253705794
2017-09-01,0.00019650338971244352,0.0003390886423424444,0.00042083365538947426,0.0005380641381431683
2017-09-08,0.00016046865085206363,0.00026038670402983577,0.0003260473263178021,0.0004217399208739092
2017-09-15,0.00020114027548912006,0.00034677375487190965,0.00042759466704156424,0.0005427004975209204
2017-09-22,0.00019937210993825616,0.00036568466272202116,0.0004430916391582329,0.0005496535280755666
2017-09-29,0.0002028294777396411,0.0003703602901807823,0.00044712733583152087,0.0005526635251842382
2017-10-06,0.00020440100079466283,0.0003813458524843938,0.0004598566059752507,0.0005640920575846753
2017-10-13,0.00020809341978900164,0.00038146262436367095,0.0004572568754990236,0.0005602318884048163
2017-10-20,0.00021064626295141942,0.0003888210837847961,0.00045694643850779926,0.0005557150889643481
2017-10-27,0.00021331652700107284,0.0004008462781481814,0.00047478528892352934,0.0005736602976667005
2017-11-03,0.0002218742803552498,0.0003943096310004002,0.0004633863161820351,0.000558417869715111
2017-11-10,0.0002345092384845593,0.000394153404961628,0.000458381680903841,0.0005494591016583783
2017-11-17,0.00024160766321723592,0.0004047367036446037,0.00046412296312570156,0.0005514676624978065
2017-11-24,0.0001981036737028763,0.00032635823559168387,0.0003686517382235355,0.00043317886923910365
2017-12-01,0.0002452934148162722,0.00041126935753821314,0.0004637346598639347,0.0005456744757790233
2017-12-08,0.0002486256071625448,0.0004206005231222054,0.00046385155865547034,0.0005391844007200941
2017-12-15,0.0002529368635053597,0.0004211442941863819,0.00046439443067991526,0.0005358990984252188
2017-12-22,0.000261634956684631,0.00043672300953545573,0.0004830007448406448,0.0005521619911339481
2017-12-29,0.0002142835123377651,0.00034843165536524445,0.00038109710807465724,0.00043286939960207604
2018-01-05,0.0002163207339214157,0.0003551875019802697,0.00038586373981641664,0.00043816162531640224
2018-01-12,0.00027600662950733046,0.00045508450835862746,0.0004962098518210833,0.0005600389354267765
2018-01-19,0.0002214099074955289,0.0003763291912735056,0.00040634582096577,0.00044939532957521955
2018-01-26,0.0002756543606992068,0.00047893282891586786,0.0005181536143521459,0.000569725574572244
2018-02-02,0.0002810942586521925,0.0004971772026687304,0.0005392593143425106,0.0005853809826970036
2018-02-09,0.00029549114565652346,0.0004969456226797675,0.0005513904764036237,0.0006059588604816479
2018-02-16,0.00030659505861696523,0.0005096023498276647,0.0005626636941480356,0.000614392440246192
2018-02-23,0.00025163789926807567,0.0004151278654278556,0.00045479752116950323,0.0004978332977811917
2018-03-02,0.00031718459331764315,0.0005142071971688811,0.0005594982203755983,0.0006126595129243295
2018-03-09,0.0003223407486421248,0.0005181152190310012,0.0005635518840425568,0.0006148160656618273
2018-03-16,0.0003353800753871372,0.0005147496656685568,0.0005561403526985753,0.0006031864539579601
2018-03-23,0.00033713681709612864,0.000519622763010652,0.0005593826116461198,0.0006044961708917551
2018-03-30,0.00026772578903000444,0.0004061527077250382,0.0004363068899784217,0.0004726109977606363
2018-04-06,0.0003313604554500138,0.0005089452163342667,0.0005446314445631817,0.000590779536754571
2018-04-13,0.00033397589833894514,0.0005168766452636753,0.0005494601080517914,0.0005911658013542098
2018-04-20,0.0003456821551706124,0.0005343525220318224,0.0005626618697356367,0.0005990627561487383
2018-04-27,0.00035309299397878746,0.000551352685992379,0.0005838414277470338,0.0006182797363838421
2018-05-04,0.000351650244487578,0.0005470656888069136,0.0005776334424807406,0.0006099649225639325
2018-05-11,0.00036096865593804317,0.00055197022739506,0.0005814510743373802,0.0006110045173250978
2018-05-18,0.00036623089306941914,0.0005687218774548253,0.0005999883853653465,0.0006255522434830407
2018-05-25,0.00036736089632638524,0.000556060965815286,0.000588388370451387,0.0006177012027068773
2018-06-01,0.00029319209265188384,0.00041721400324190583,0.0004433343317729044,0.00046983638721043164
2018-06-08,0.00037090676097517594,0.0005446707562359876,0.0005751263280227015,0.0006040341118476178
2018-06-15,0.0003704782810056706,0.0005505802453766862,0.0005774405247598313,0.0006022622503736308
2018-06-22,0.0003707510153896365,0.0005443231629187473,0.0005690698495033342,0.0005956746012183434
2018-06-29,0.0003690754771117355,0.0005343540614317632,0.0005588040607229505,0.0005860388398966077
2018-07-06,0.0003004774301116342,0.0004286585025237155,0.00044518877866761564,0.00046351442218894867
2018-07-13,0.00037842520041442285,0.0005382573332679552,0.0005580707615209235,0.000577594888774069
2018-07-20,0.0003834097274899584,0.0005400734925817829,0.0005611587810099294,0.0005837642212933591
2018-07-27,0.000382202659690023,0.0005544030109339015,0.0005783662079299479,0.00060330244940765
2018-08-03,0.0003864856507429515,0.0005574143502642404,0.0005820680162391678,0.0006070382720333445
2018-08-10,0.0003925581276267298,0.0005491500149192863,0.0005740835475285255,0.0006026850750473489
2018-08-17,0.0003952434850822417,0.0005379482188290208,0.0005622781642740105,0.0005940946685045745
2018-08-24,0.00039858981645113367,0.0005315327037236361,0.000553360691785576,0.0005834948010443597
2018-08-31,0.00040586470537329333,0.0005399187754606682,0.0005607728283514302,0.0005892772133466728
2018-09-07,0.0003270586182071433,0.00043518721302837626,0.0004548362436913589,0.000480856480208125
2018-09-14,0.00041212584941274777,0.0005604637840250781,0.0005802556600380537,0.0006078855126867566
2018-09-21,0.0004160915716484581,0.0005756276050503661,0.0005973692426073374,0.0006247830963035383
2018-09-28,0.00042180525357249365,0.0005792532399113703,0.0006002592496558989,0.0006257072697091193
2018-10-05,0.000425458363265907,0.0005886968202593046,0.0006143501977025068,0.000644700558890321
2018-10-12,0.00043198492996476823,0.0005932844075604571,0.0006228585006560206,0.0006557711903678598
2018-10-19,0.0004421600663886416,0.0005925146497880451,0.0006202046602910016,0.0006543893289852054
2018-10-26,0.00044685739343086617,0.0005831072797777281,0.0006135827599422772,0.0006542355113066112
2018-11-02,0.0004460034821394121,0.0005809099269007412,0.0006141599444449142,0.000660803229999507
2018-11-09,0.00045093257780770557,0.0005970999416249345,0.0006271308622296523,0.0006675250567469426
2018-11-16,0.00045244618748596643,0.0005795982614889006,0.0006114269969503816,0.0006560413112761676
2018-11-23,0.0003661692344198997,0.0004502449760204197,0.0004777750396978142,0.0005170992084373438
2018-11-30,0.0004570633336293817,0.0005612358264401873,0.0005950963732581638,0.0006485103996678454
2018-12-07,0.0003666731732203665,0.00043387225534874396,0.0004554902849520648,0.0004976006235839492
2018-12-14,0.00046315356707382627,0.0005366341612069725,0.0005651724407840231,0.0006140845806554829
2018-12-21,0.00045791713263443334,0.0005198940246178285,0.0005496528153843272,0.0005962126703207282
2018-12-28,0.00036834143937469754,0.0004067719183060703,0.0004316719659498425,0.0004740375212028969
2019-01-04,0.0003679145751833701,0.000386713706703512,0.0004136952587852072,0.0004645157488574192
2019-01-11,0.0004663337010879509,0.0004990753637055256,0.0005309913018660684,0.0005898548348635124
2019-01-18,0.0004632700366422604,0.0005013588218341081,0.0005358995478423889,0.0006014150585200717
2019-01-25,0.00036609170410595304,0.0004034053655879166,0.0004287742904898195,0.00047769786732043684
2019-02-01,0.00046071002672376515,0.0004931104381280527,0.0005278590906472314,0.0005940559610111418
2019-02-08,0.0004623391916094288,0.0004883085439133517,0.0005253460051999337,0.000590586946664251
2019-02-15,0.000465597119105432,0.0004885805341883209,0.0005239547721214155,0.0005889302832533527
2019-02-22,0.00037435249759898426,0.000388962896248346,0.00041694563007643737,0.00047145546589844045
2019-03-01,0.0004686217186915531,0.0004894318183559232,0.0005275108668783002,0.0005988325746439926
2019-03-08,0.0004694359359953548,0.00048699061288148826,0.0005247654973254967,0.0005975231566790473
2019-03-15,0.00046831156950943864,0.0004744757394383736,0.0005125829701499995,0.0005903562255862305
2019-03-22,0.00047083174643880454,0.00046175392173020136,0.0004994598564085351,0.0005815262964941059
2019-03-29,0.00046567406192088434,0.00043210133533500006,0.0004711029211168505,0.0005553293729978481
2019-04-05,0.0004631534554930816,0.0004533387147362955,0.0004903625394701017,0.0005688382972126593
2019-04-12,0.00046420097298738305,0.00045516155479496945,0.000492337263109377,0.0005731203186087885
2019-04-19,0.00037198723294440406,0.00037450741489863937,0.0004035214747901694,0.00046567362656535494
2019-04-26,0.00046544191417807745,0.00045861442126082785,0.0004986102271367088,0.0005785586074320559
2019-05-03,0.0004641621815004715,0.00045438592754454277,0.0004954358396969116,0.0005747406940503907
2019-05-10,0.0004645112326269185,0.00044479982591294487,0.00048393162477222695,0.0005638218903176728
2019-05-17,0.00045985673330961596,0.0004280226259916198,0.00047071532595754917,0.0005549050894997354
2019-05-24,0.0004536490203745913,0.00042533917826559353,0.0004650516621107492,0.000547257125455225
2019-05-31,0.0003609705563436538,0.00031702066333605394,0.0003483137132360703,0.00041590014954229204
2019-06-07,0.00044468290617261097,0.0003667373424980358,0.00041364195979642915,0.0005085194054570419
2019-06-14,0.0004265450076299526,0.00036876287497622506,0.00041609113054641433,0.0005115384572684789
2019-06-21,0.0004149237250570259,0.0003537157685977732,0.00040247979139218515,0.0005012045043593094
2019-06-28,0.0004067589413678796,0.0003465014554386858,0.00039567138288010284,0.0004975267958233776
2019-07-05,0.0003348328857302185,0.0002801703953609902,0.00031480371252379236,0.00039531380649493464
2019-07-12,0.00041986049105569023,0.0003647107216089296,0.0004075750966336944,0.0005053831620711602
2019-07-19,0.00040415201500709763,0.00035999349437032535,0.0004070307312917798,0.0005079779803058848
2019-07-26,0.0004015856928440975,0.000360227967349358,0.0004055145280945638,0.0005078622568945867
2019-08-02,0.00039882331779206304,0.00034887483890466697,0.00038854210555472335,0.000491131624364094
2019-08-09,0.00038660238649623757,0.000302568571076689,0.00033873719229271515,0.0004412273227947239
2019-08-16,0.00037183959318687343,0.0002905214011457158,0.0003137434933491168,0.00040356571333477476
2019-08-23,0.00037464613346815945,0.0002863768213334783,0.0003100727985012597,0.00040500835764922805
2019-08-30,0.0003808787975105865,0.00027588899336783435,0.0002963514037275239,0.0003889373443157762
2019-09-06,0.0003005554551005485,0.0002170235258696085,0.00023791748155943537,0.00031355806958521804
2019-09-13,0.000374646919148347,0.0003165517787993011,0.00034430883363789633,0.0004369098833301166
2019-09-20,0.0003733601455981894,0.00032710457403228865,0.00035278055168030953,0.00044103263429140505
2019-09-27,0.0003567558048702679,0.00030811852505752135,0.00033198426470359976,0.0004196281076294106
2019-10-04,0.0003375647304484364,0.0002818314757206952,0.00031366499304041895,0.0004071856645022631
2019-10-11,0.00032327779570939796,0.0002839458322814181,0.00031846793283785146,0.00041398797967096
2019-10-18,0.0003189426694396591,0.00030968257609576,0.00034451219536846267,0.0004377721679942326
2019-10-25,0.0003190207882106666,0.00031472330360315937,0.0003495831483395495,0.0004449551369762883
2019-11-01,0.0003063189638961017,0.00031667359092035774,0.0003503207548962717,0.0004449900970031617
2019-11-08,0.0002979553195123774,0.0003296790690749951,0.00036669530538402384,0.0004605132326958028
2019-11-15,0.00030080959623135506,0.000331397702969527,0.00036848902820385554,0.00046175536926984506
2019-11-22,0.0003009659771389117,0.0003178877169562888,0.0003492708777781406,0.00043982963738709024
2019-11-29,0.0002447604691626637,0.0002542943872778647,0.0002772463995095453,0.00034470322219881666
2019-12-06,0.0002972900352489205,0.00031854984670265374,0.00035266222763707944,0.0004398285434248361
2019-12-13,0.0002988154813194921,0.0003296809538133605,0.00036057814738832406,0.00044371217600081003
2019-12-20,0.00030069233519980365,0.00033924483379577097,0.0003746857515254387,0.00045776170198208455
2019-12-27,0.00024069515617752835,0.0002707696090771261,0.00029973714557374187,0.0003668287304294804
2020-01-03,0.00023490804637948948,0.0002610103590474644,0.00029428141542497954,0.0003657408663786388
2020-01-10,0.00029463132090867816,0.0003222622964103028,0.00036163130265753907,0.0004535320168135293
2020-01-17,0.00029893283264725845,0.00032030958409268173,0.0003578889689559439,0.0004466629125206012
2020-01-24,0.00023717622655117232,0.00024425178085962784,0.00027381262385173244,0.00034388636119242477
2020-01-31,0.00029908920554788665,0.00027682656464222966,0.0003117913706798259,0.0004025577578616879
2020-02-07,0.0003003013206761551,0.0002793320281635481,0.00031476042892109035,0.00040726268237678553
2020-02-14,0.00030221703921151644,0.00027886345021177483,0.00031390223684812923,0.00040372492138218696
2020-02-21,0.00024159430430858997,0.00021639813646667783,0.00024112414199328747,0.0003109506749860991
2020-02-28,0.00027963694455723775,0.00021813553754990167,0.00025406656855220255,0.0003498143620099814
2020-03-06,0.000147730331235163,0.00014202999586299114,0.00018650262055253108,0.0003031293416158043
2020-03-13,6.354789088747204e-05,0.00012129311469855075,0.00015285114287366675,0.00025324873552445837
2020-03-20,1.1574817251780445e-05,0.0001238135631607129,0.00019930130325795936,0.0003192208787852202
2020-03-27,-1.214714622954638e-05,9.169467183745006e-05,0.0001580308616928594,0.0002707204893681592
2020-04-03,9.084838350492674e-06,7.426831323131822e-05,0.00012725648965261627,0.0002526217277136755
2020-04-10,2.3115705718668167e-05,7.146783950995328e-05,0.00011486699402918354,0.0002102500157463716
2020-04-17,2.7479931666851698e-05,7.497854427840345e-05,0.00013454844339166883,0.00025880906374209367
2020-04-24,1.8007746395598545e-05,7.06304491020493e-05,0.00011968480123569769,0.00023670527556451937
2020-05-01,1.7888910800456514e-05,7.312142013704559e-05,0.0001248914798757106,0.00024635156135977
2020-05-08,1.9752203051393025e-05,6.8375562584988e-05,0.0001312394703798514,0.00026609878157413114
2020-05-15,2.1853221324752425e-05,6.402519717707555e-05,0.00013100243018504543,0.00026735118515630596
2020-05-22,2.2249647068095513e-05,6.849480768966743e-05,0.00013719189250505082,0.0002783153176089126
2020-05-29,2.0582053779527598e-05,5.324507472170836e-05,0.00010801018547446084,0.00022673188688471235
2020-06-05,2.7996454687650996e-05,7.442268761814752e-05,0.00015129042902572998,0.0003066665388533618
2020-06-12,3.11664310326254e-05,7.236738592331093e-05,0.000150739937535338,0.0002999021947787117
2020-06-19,3.025506541631806e-05,6.624063155680204e-05,0.0001416455787368598,0.00029318298422409406
2020-06-26,2.6886883242038806e-05,6.347166942610727e-05,0.00013474828681703244,0.00028312842529243376
2020-07-03,2.0740616090808572e-05,4.6678318241788475e-05,0.00010442292223022953,0.00022313187195366346
2020-07-10,2.561864900108013e-05,5.797235164850534e-05,0.0001275727140961358,0.00027036676343894506
2020-07-17,2.343866422616081e-05,5.635001397275019e-05,0.00012362955690159438,0.00026022487913901493
2020-07-24,2.0465824069448857e-05,5.409428347102896e-05,0.00011842260974903596,0.00025274012329923323
2020-07-31,1.800781176619637e-05,4.9502300337067595e-05,0.00011262191798877552,0.00024113704509520772
2020-08-07,1.7413113197140007e-05,4.285130010517335e-05,0.0001076099897585614,0.00024003917369608274
2020-08-14,1.8483591530005228e-05,5.698242385387964e-05,0.00013159263874507054,0.00026918980467471876
2020-08-21,1.8087125393861925e-05,5.47275108295775e-05,0.00013096406105339575,0.0002745968607289484
2020-08-28,1.836466813021076e-05,5.733920747763577e-05,0.00013801924367906615,0.00028183477620880026
2020-09-04,1.9752258496819053e-05,5.2154490509437323e-05,0.00013285560609110902,0.0002783531279415552
2020-09-11,1.6618416579072814e-05,4.24044557629788e-05,0.000108404626303793,0.00022587128387874245
2020-09-18,1.8562853701942217e-05,5.3738106049250334e-05,0.000135064245667893,0.000282542751514514
2020-09-25,1.7413125081633396e-05,5.3144440206098764e-05,0.00013194995392007414,0.00027870751685576955
2020-10-02,1.6897704755436393e-05,5.3302652216702384e-05,0.00013281703014911272,0.00028430320821604127
2020-10-09,1.753208174126719e-05,6.521221648725373e-05,0.00015137685642341303,0.00030839283640027304
2020-10-16,1.8562901529683984e-05,6.2443091620068e-05,0.0001463345234455904,0.0003002616105927114
2020-10-23,1.7571718877729126e-05,7.00767036478922e-05,0.00016059052795558415,0.0003182771581398125
2020-10-30,1.6897690890305128e-05,7.011615567997787e-05,0.00016027555802877735,0.000314996235593501
2020-11-06,1.681840082801145e-05,7.094629801085439e-05,0.0001618494517516833,0.0003137449094217093
2020-11-13,1.7294190224559358e-05,8.553261780996912e-05,0.00018431580141364812,0.00033643267117144937
2020-11-20,1.3804737745815032e-05,7.743096494228219e-05,0.00017161116372554908,0.00031554211499229545
2020-11-27,1.2019314657996105e-05,6.103507064803004e-05,0.00013668095507979316,0.00025038741968708145
2020-12-04,1.5073747869909226e-05,8.079037102581843e-05,0.00018230975911026626,0.0003286250870959684
2020-12-11,1.3606533485255312e-05,7.640303290434858e-05,0.00018105276926205782,0.0003265968352370585
2020-12-18,1.447889212569109e-05,7.371476907924723e-05,0.00018223256205263105,0.000328080684175891
2020-12-25,1.213828711654763e-05,5.893974404802549e-05,0.00014781256318840974,0.00026362735007401383
2021-01-01,1.2098562735429752e-05,5.834668746795835e-05,0.00014659369554737012,0.00026179253584213136
2021-01-08,1.5232342976512214e-05,8.300203889066715e-05,0.00020097826149001463,0.0003497329443120645
2021-01-15,1.547027164261472e-05,9.564641878800906e-05,0.00022038297648729888,0.0003659575904986223
2021-01-22,1.1543484781828539e-05,7.044116526411237e-05,0.0001729582188847445,0.00029143847280432844
2021-01-29,1.1940856057490734e-05,8.324112994295696e-05,0.00020703233039465196,0.00035621217733505794
2021-02-05,7.57784005833706e-06,8.924719604741504e-05,0.00022187397189776803,0.00037519047943512795
2021-02-12,6.268836536982292e-06,9.307922788481804e-05,0.00022917366493491187,0.00038379866011784003
2021-02-19,4.602489323879411e-06,8.92761699797795e-05,0.0002062938447549012,0.0003289633961687244
2021-02-26,5.7134586048945835e-06,0.00013312377343721593,0.0002797608983247102,0.00043621683905747943
2021-03-05,6.110177315443721e-06,0.00014550581033345722,0.00029290744830712256,0.0004429354167174715
2021-03-12,6.070502983623882e-06,0.00016157489226231725,0.0003081176622676818,0.00045100745218285
2021-03-19,1.5475434789191667e-06,0.00016539269555115865,0.00032792222459043785,0.00047544349992323376
2021-03-26,2.3807964464328535e-06,0.00016511808071384415,0.00032319931809010605,0.0004608260265630548
2021-04-02,1.6665756539246956e-06,0.00014403727908729458,0.0002704185211315213,0.00037594124498019355
2021-04-09,1.9046478167972225e-06,0.00017294842187332016,0.00032776800828737684,0.0004580720784426173
2021-04-16,2.3014482661842806e-06,0.00016610132356520424,0.0003165181867490485,0.000449339322755149
2021-04-23,2.896617466774387e-06,0.00015992205362080902,0.00030905725308993937,0.0004437904676157789
2021-04-30,1.4681953646178414e-06,0.00016980151031398272,0.00031823898089533564,0.0004493410795354258
2021-05-07,1.5475573842405055e-06,0.00015893753362816732,0.0003119100209976189,0.00044452811326989305
2021-05-14,1.5078753357045116e-06,0.00016204731298929964,0.0003237457348226336,0.00046431623218068374
2021-05-21,1.0317132166370868e-06,0.00016417348234387674,0.00032401980115115414,0.00046218384341578655
2021-05-28,1.2301152416682726e-06,0.00015657522054524087,0.0003125351242736496,0.00044643023598989195
2021-06-04,2.1823882598859257e-06,0.00012782508742970045,0.0002516375700398754,0.00035751621459279015
2021-06-11,3.809164330625947e-06,0.00014956473395821845,0.0002957246746795317,0.0004293035372033849
2021-06-18,4.7216428680219025e-06,0.00016672995704780647,0.0002966244270292684,0.0004211788834616037
2021-06-25,7.696926458189424e-06,0.0001762143879195932,0.00029412243973814256,0.0004157410594629596
2021-07-02,7.855617584207053e-06,0.0001746804561146842,0.0002880986148099396,0.00040815909784930327
2021-07-09,6.7049541669916835e-06,0.00012302117352125386,0.00021032828890765742,0.00030814796101186204
2021-07-16,8.291942313221057e-06,0.00015795293699993884,0.0002653546082189706,0.0003879634006767052
2021-07-23,8.648942156463946e-06,0.00013939948697427873,0.00024537036595595474,0.00037121691121777545
2021-07-30,8.331612619150164e-06,0.0001415670603301944,0.00024764552146638863,0.0003750363511996202
2021-08-06,8.490276457662205e-06,0.0001368755818949019,0.00023831216084824192,0.0003673600010949407
2021-08-13,9.045592636924837e-06,0.00015952822685627588,0.00026226160900200135,0.00038928824106854165
2021-08-20,1.039409162273408e-05,0.00015192833097410485,0.00024807688517958226,0.00037378949278155105
2021-08-27,8.688604546502887e-06,0.00015917360234718458,0.00025791254887574944,0.00037729488601567773
2021-09-03,7.855617584207053e-06,0.00015354319976657038,0.00025658129077066327,0.0003772565680633111
2021-09-10,5.9909480660813585e-06,0.00012758915380617353,0.00021068109584243544,0.00030534486282118856
2021-09-17,6.586216751980345e-06,0.00016141734154850873,0.0002604592412747131,0.00037016618378071797
2021-09-24,4.761340834491534e-06,0.00017416643210532712,0.0002695827254464156,0.00037218974057795506
2021-10-01,5.594461662150607e-06,0.00019571673550222712,0.0002980719900520512,0.0004048523206339194
2021-10-08,7.260580401347028e-06,0.00019642369248473734,0.00030366182143470866,0.0004130186551825066
2021-10-15,8.053947677000295e-06,0.0002128840668267351,0.00030866571239562823,0.0004081180319013278
2021-10-22,9.640553563006193e-06,0.00023235121025422245,0.00032226181101235873,0.00040990812483743255
2021-10-29,9.759550915200421e-06,0.00023172394165404953,0.0003114007513607131,0.0003923214271692732
2021-11-05,8.13327270599018e-06,0.0002245410091386013,0.00030248873594818093,0.00038383711849987456
2021-11-12,8.05394187697317e-06,0.00023117081831625086,0.000300572153582257,0.00037343744685758296
2021-11-19,8.450607980714508e-06,0.00024399932873842012,0.0003144488858810579,0.0003890926238641068
2021-11-26,7.061935454411028e-06,0.000203351730355239,0.0002527278991866222,0.00030647067776978787
2021-12-03,8.807589891191014e-06,0.00022972257951003883,0.00028363525988628346,0.0003498134772899064
2021-12-10,1.0473444292058431e-05,0.0002461166189993147,0.0002915017599611769,0.0003609667412116657
2021-12-17,7.974575441327403e-06,0.0002389796226278662,0.0002817207848500036,0.0003604229852216534
2021-12-24,8.965664356930247e-06,0.00019186942993387746,0.00023072229671106115,0.00029521798905007834
2021-12-31,7.776203875486942e-06,0.0002495662114607722,0.00029670348805277413,0.00037632146174981784
2022-01-07,1.5708008331172252e-05,0.00028195306789591257,0.0003347153420036886,0.00040823616381091554
2022-01-14,2.1853170133923072e-05,0.0002980720178069607,0.0003436533683567333,0.0004095589906509822
2022-01-21,2.46238727530379e-05,0.0002529262189985282,0.0002860191266205181,0.00033483261055944347
2022-01-28,3.4731970905088616e-05,0.000315619145347501,0.0003522731480551933,0.0004144966236989678
2022-02-04,3.8732478772507406e-05,0.0003262024818555531,0.00035812007225932696,0.00041997634752588553
2022-02-11,5.769214895900987e-05,0.0003613162163387251,0.000384615477760919,0.0004422369252743419
2022-02-18,7.114393741125546e-05,0.00037137260582520426,0.0003926732740910932,0.00045481160643356944
2022-02-25,4.956619612817015e-05,0.00029467274439953783,0.00030970599005542,0.00035778808273390084
2022-03-04,6.204740875759285e-05,0.00033022284824268944,0.0003532061589037738,0.00042786521019877455
2022-03-11,6.972051154274794e-05,0.00036485765248284174,0.0003768583039329698,0.0004495673469124828
2022-03-18,7.928782851607252e-05,0.00042079363002667236,0.0004251859872288488,0.0004839699241676598
2022-03-25,9.730482455627687e-05,0.000471134773176729,0.000464546043168923,0.0005001196691372112
2022-04-01,0.00010216193041356902,0.0004888491233814296,0.00046830916640283604,0.0004880746138662406
2022-04-08,0.00012646667906945908,0.0005248789499341378,0.0005071560190441637,0.000514161418478043
2022-04-15,0.0001149066145869071,0.0004264140937750849,0.00043147706070501,0.00044456956960092775
2022-04-22,0.00015665358070027224,0.0005663265383575311,0.0005649789674673222,0.0005750483060640299
2022-04-29,0.00015937078571681695,0.0005582237235588483,0.0005544790332483451,0.0005691851133959869
2022-05-06,0.00016247934485202897,0.0005857284972650145,0.0005890410142075364,0.0006040274812604274
2022-05-13,0.00017420645301147175,0.0005654389670441962,0.0005768167390645118,0.000604375765335563
2022-05-20,0.00019740693800884834,0.0005600372168863554,0.0005624681410834054,0.000601297034365178
2022-05-27,0.0002027115134903834,0.0005400702296056714,0.0005429308772431085,0.0005853441862044839
2022-06-03,0.00017291780333295037,0.000454217100025911,0.0004556069020227316,0.0004817422765910351
2022-06-10,0.00024235146405549024,0.0006006753598659653,0.0005958640295156137,0.0006197039186102149
2022-06-17,0.00031221119354474247,0.000673583470196526,0.0006555359478044309,0.0006585365213518379
2022-06-24,0.0002438212970488074,0.0005044825280469123,0.0004945572033592249,0.0005104449341055695
2022-07-01,0.0003258915908788129,0.0006080965456802812,0.0006002837039575937,0.0006275475289685417
2022-07-08,0.0002818809424358637,0.0004678215408537856,0.00046277320231924435,0.0004929408351108666
2022-07-15,0.00042804479993718836,0.000594325727386602,0.0005767457690395439,0.000609155136652495
2022-07-22,0.0004630339691014118,0.000597474521220942,0.0005753888998409895,0.0006080354959405732
2022-07-29,0.0004651278328944297,0.0005472905837917708,0.0005350846334000181,0.0005894694239421128
2022-08-05,0.0004685011261369443,0.0005539298940950843,0.0005330345017955374,0.0005833001256878578
2022-08-12,0.0004921817033975984,0.0005781340268675716,0.0005513508918844057,0.000599600323066829
2022-08-19,0.0005025978852146729,0.0005891955715888741,0.0005626213796123825,0.0006143523622623714
2022-08-26,0.0005306425363629241,0.0006229750691915115,0.0005965987034908249,0.0006350919204087813
2022-09-02,0.0005563329326279121,0.0006454716297144003,0.0006178922703710121,0.000642087983855788
2022-09-09,0.00045757387086453605,0.0005326168670027887,0.0005161762523659963,0.0005379914865006885
2022-09-16,0.0006036465405538927,0.0006997472458643017,0.0006675625774601457,0.0006823402378273169
2022-09-23,0.0006138490526446105,0.0007428961425677283,0.0007010475943216576,0.0006964141179457428
2022-09-30,0.0006268223659591232,0.0007903533006727859,0.0007440106306892957,0.0007274844497286992
2022-10-07,0.0006382047899371468,0.0007737832260539257,0.0007301575290510343,0.0007323456786720861
2022-10-14,0.0006777571121436843,0.0008130560031571754,0.0007666870241127555,0.0007610695357953556
2022-10-21,0.0007474934680520295,0.0008397191157176742,0.0008005808446998053,0.0008045443447011191
2022-10-28,0.0007673377993075992,0.0008199881802972708,0.0007900872687824911,0.0008170139329093384
2022-11-04,0.0007818511707529119,0.0008330605252220291,0.0007963533331645234,0.0008108453559798612
2022-11-11,0.0007893320974281526,0.0008114614290086752,0.0007835430834970403,0.0008177732397469661
2022-11-18,0.0008002835629257188,0.0007672590132459245,0.000738315332057482,0.0007676775722813556
2022-11-25,0.0006483420715353017,0.0006115903390970789,0.0005837520858047451,0.0005931248313897353
2022-12-02,0.0008200708363350628,0.0007400295377804067,0.0007092092696825425,0.0007239175451168034
2022-12-09,0.0008122193918611575,0.0007252252202969434,0.0006857893379559332,0.000685021513499029
2022-12-16,0.0008170980798822836,0.0007152290964043129,0.0006846014331021166,0.0006893984083868876
2022-12-23,0.000816603118176884,0.0007371683258825534,0.0007161115955114372,0.0007269857753351427
2022-12-30,0.0006642293649565811,0.0006188115888485779,0.0006021523525439054,0.0006157560240338533
2023-01-06,0.0006854601074914868,0.0006014204168898196,0.000576514162353492,0.0005922827807920417
2023-01-13,0.0008762393126442447,0.0007102111287939916,0.0006886289419729685,0.0007128548462445039
2023-01-20,0.0007021923512717798,0.0005497289513824999,0.0005381808384627984,0.0005620372711148125
2023-01-27,0.0008830037937752611,0.0007011698337149319,0.0006815342589441276,0.0007095626971354019
2023-02-03,0.0008797361906638379,0.0007006268225226986,0.0006791513607062871,0.0007039277822928902
2023-02-10,0.0008902955085581254,0.0007510539179489406,0.0007168408149931249,0.0007271785048006407
2023-02-17,0.0009038492822868172,0.0007805134990543916,0.0007386607014541191,0.00074940935486012
2023-02-24,0.0007283861495464006,0.0006471986457590173,0.0006115153224068859,0.0006120499376010002
2023-03-03,0.0009132585349735933,0.0008235740421884685,0.0007734856212069374,0.0007674128033658967
2023-03-10,0.0009347150410263794,0.0008203208698676079,0.0007614423908859358,0.0007498265039695973
2023-03-17,0.0008820369437962938,0.0007115428035180393,0.0006875898997975582,0.0007182948361104113
2023-03-24,0.000879012402788204,0.0006912256835482911,0.0006779219602182085,0.0007182199978987835
2023-03-31,0.0008961811576662093,0.0007098689191011864,0.0006905872859110929,0.000730931413194913
2023-04-07,0.0007259934530172707,0.000531538719287683,0.0005209393227139092,0.0005590866866411748
2023-04-14,0.0009433927110991114,0.0006890518765008125,0.0006729753177583397,0.0007144654457169608
2023-04-21,0.000962586086197259,0.0007169562774844707,0.0006973747819181142,0.0007369023380290329
2023-04-28,0.0009584605299131077,0.0006891266258142181,0.0006760066135544918,0.0007212068066912991
2023-05-05,0.0009736276050502646,0.000671467359915745,0.0006717816762189521,0.0007307397975275798
2023-05-12,0.0009804011648046895,0.0006704398205492623,0.0006766976099221722,0.0007405361527093035
2023-05-19,0.0009819888097064577,0.0007030767615416877,0.000701127934606971,0.0007570950185940006
2023-05-26,0.0009954054904504073,0.0007452754477617063,0.0007310832968512315,0.0007730682074040818
2023-06-02,0.0008053151708395934,0.000588802782360176,0.0005705819711530058,0.0006026491017840918
2023-06-09,0.0009930633558057345,0.0007548394502243649,0.0007262995111636528,0.0007584335190171654
2023-06-16,0.0009834643947446153,0.0007732577160948217,0.000736327377073076,0.0007567892790998343
2023-06-23,0.0007930043005965892,0.0006210638426051851,0.000584136167583349,0.0005967228010144154
2023-06-30,0.001000014929920079,0.0007878396249727526,0.000735292560792189,0.0007490657258124589
2023-07-07,0.0008036167454155141,0.0006665507326915066,0.0006186927251723429,0.0006170521064281509
2023-07-14,0.0010114562655982873,0.0007983633017987213,0.000756591133642015,0.0007720342601100771
2023-07-21,0.0010145137832373585,0.0007848651195108136,0.0007409950662182752,0.0007586243815513871
2023-07-28,0.0010178726853604658,0.0008108824790036273,0.000763246074689361,0.0007743260841608368
2023-08-04,0.0010168537785086862,0.0008217079371646285,0.0007913512836403847,0.0008092757848257026
2023-08-11,0.001019457612069008,0.0008129015826923158,0.0007923838131582706,0.0008225093053402244
2023-08-18,0.0010210801289389781,0.0008533877575587212,0.0008250997021124196,0.0008452813493562417
2023-08-25,0.0010247396814659915,0.0008598915764430615,0.0008296696135092763,0.0008450123204990501
2023-09-01,0.001026097463815212,0.0008355724381352569,0.0008058889356492571,0.0008259764452727136
2023-09-08,0.0008183348562382786,0.0006836411323820624,0.0006637742544968184,0.0006768314125098485
2023-09-15,0.0010250415499601928,0.0008580290748605446,0.0008322999794558861,0.0008492404813766896
2023-09-22,0.001026512738317109,0.0008806839609685202,0.0008528525981006396,0.00086604974662019
2023-09-29,0.0010280591858384813,0.0009002048469852753,0.0008887767298926263,0.0009126893287667581
2023-10-06,0.0010313404163084794,0.0009180744790042716,0.000920084033394053,0.0009471779256251533
2023-10-13,0.0010315667466818113,0.0009050230848082208,0.0009074498783343543,0.0009376674768291071
2023-10-20,0.0010292660647246432,0.0009434247759008141,0.0009448624401728889,0.000968634003057911
2023-10-27,0.0010259846261935213,0.0009345257264390394,0.0009428232082895338,0.0009706062195813381
2023-11-03,0.0010235319804141607,0.0009097556609891644,0.0009217782993975465,0.0009535676799703463
2023-11-10,0.0010181745733852665,0.0008917747435730483,0.0008932562904944152,0.0009205377415755223
2023-11-17,0.0010155327809264758,0.0008734589394470138,0.0008734991346595056,0.0009032015925842796
2023-11-24,0.0008129399318035357,0.0006910183497124134,0.0006885850871463095,0.0007105104814084662
2023-12-01,0.0010142871071123771,0.0008308084109514002,0.0008385042557783606,0.0008714119942359044
2023-12-08,0.0010129284501987357,0.0008113396515851967,0.000814884416286743,0.0008371315726634077
2023-12-15,0.0010117582198136965,0.0007907260192394627,0.0007913018825227436,0.0008127395251045222
2023-12-22,0.0010105124610042537,0.0007600002859629029,0.0007612235541420986,0.000786088762971815
2023-12-29,0.0008063351270484187,0.0005981757527380172,0.0005994754365561406,0.000622552944571364
2024-01-05,0.0008086001039151469,0.0006150291573370215,0.0006183898456471049,0.0006409823877833176
2024-01-12,0.0010097574186269664,0.0007647751511552503,0.0007776507468046923,0.0008142402380104663
2024-01-19,0.000805580407404749,0.0006261789523680505,0.0006403735896376439,0.0006737865276513766
2024-01-26,0.0010068881023490572,0.0007872337422629716,0.0008054322672137459,0.0008500392860615325
2024-02-02,0.0010063594733988879,0.0007656512061835485,0.0007789820320871499,0.0008226574029952527
2024-02-09,0.0010105503191411014,0.0007975359015777173,0.0008060037560382316,0.0008436074602349297
2024-02-16,0.001010852301777776,0.0008241067252325873,0.0008276894680185887,0.0008605386653375291
2024-02-23,0.0008095436086696939,0.0006673531489318485,0.0006680004008028373,0.000690675464261048
2024-03-01,0.001012852852161572,0.0008297072547971407,0.0008288324841159156,0.0008535772525672947
2024-03-08,0.0010113808434397686,0.0008018074460482971,0.0008029519248853312,0.0008311183221507701
2024-03-15,0.0010136456581015807,0.0008184259273116279,0.0008186559199794274,0.0008474487661760399
2024-03-22,0.0010120602745578022,0.0008301269342430029,0.00083184206390019,0.0008621744092307537
2024-03-29,0.0008070148513692477,0.0006557747031856742,0.0006566508758103495,0.0006812063214078901
2024-04-05,0.0010085493984728355,0.0008429227673034667,0.0008446736983207526,0.0008733517609500474
2024-04-12,0.0010121357398160669,0.0008768400492229489,0.0008708758533613192,0.0008907872769605696
2024-04-19,0.0010138343736354472,0.0009036211813975292,0.0008978138112158973,0.0009175444913882558
2024-04-26,0.0010149289491396818,0.0009063531057182939,0.0009021403666462646,0.0009242931620521144
2024-05-03,0.0010142873205154501,0.0008936704128243989,0.0008914325384150601,0.0009162538639937434
2024-05-10,0.0010142873240355232,0.0008711853716210083,0.0008698169149667923,0.0008977762116588739
2024-05-17,0.0010137966409407007,0.000860537503962977,0.0008577232975011118,0.0008855474792877072
2024-05-24,0.001014438287181063,0.000870690340831759,0.0008633533717639086,0.0008863086372248308
2024-05-31,0.0008121853416040992,0.0007114588627501472,0.0007078132661209047,0.0007269057992229655
2024-06-07,0.0010136456491340873,0.0008479817172568627,0.0008447471646610971,0.0008719816040190231
2024-06-14,0.001013909858757378,0.0008419241648913722,0.0008402118304822181,0.000867377034931005
2024-06-21,0.0008094304086576631,0.0006635835505999221,0.0006611460519094781,0.0006819675098095335
2024-06-28,0.0010100595105246857,0.0008356889946121715,0.0008331369403851152,0.0008595107284417036
2024-07-05,0.0008087888561125745,0.0006751900947001843,0.0006815067623155979,0.0007081528070009835
2024-07-12,0.0010087380447858507,0.0008145801635051075,0.0008254421946096713,0.0008634286375979183
2024-07-19,0.0010050756587696164,0.0007999398596900686,0.000815497051194658,0.0008563544330648654
2024-07-26,0.001000581451056748,0.0008059277484304683,0.0008258243495198325,0.0008719450509186988
2024-08-02,0.0009897749548033463,0.0007617333304890117,0.0007860326922748406,0.0008387994860161729
2024-08-09,0.000982821971265535,0.0007319227937010453,0.0007624420193390602,0.0008174749196550035
2024-08-16,0.0009815366146668225,0.0007274083958694888,0.0007555274497716979,0.0008089784228628716
2024-08-23,0.00097329304859195,0.0007201722255443244,0.00074531799131905,0.0007965065706325714
2024-08-30,0.0009630034896626061,0.0007161139265645655,0.0007505956781279632,0.0008057372614860281
2024-09-06,0.0007655910757602413,0.0005558266709604354,0.0005865458367055876,0.0006319421087572774
2024-09-13,0.0009385425627674859,0.0006732832773199693,0.0007144668463019421,0.0007742522567817378
2024-09-20,0.0009015665514910953,0.0006747412141916431,0.0007179125289513699,0.0007800542295832713
2024-09-27,0.0008712616351553848,0.0006849103802131218,0.0007324629680147687,0.0007986052753070627
2024-10-04,0.0008708054491213257,0.0007057597604602783,0.0007464220359634233,0.000808746889295886
2024-10-11,0.0008787866263104682,0.0007570575023889692,0.0007897527380216207,0.0008446352890778552
2024-10-18,0.0008761646413975033,0.0007550695027311871,0.0007907446599970669,0.0008475651560915232
2024-10-25,0.0008744924264001419,0.0007826144856564188,0.000818927947382253,0.0008722118004436119
2024-11-01,0.0008644937059929525,0.000805317237650538,0.000834279735571597,0.0008760117695372216
2024-11-08,0.0008590563841470722,0.0008164497628391221,0.0008421979768880039,0.000876238074773994
2024-11-15,0.0008548719569094754,0.0008318799035842428,0.0008561252111651818,0.0008879013554521364
2024-11-22,0.0008565839916623297,0.0008319192746382154,0.0008562794484536784,0.0008919671694389564
2024-11-29,0.0006821199123931976,0.0006429655080337771,0.0006603831242530944,0.0006882800277236978
2024-12-06,0.000843569727071225,0.0007927293895622078,0.0008139729909528715,0.0008459298084979583
2024-12-13,0.0008270813976642977,0.0008062303054745534,0.0008324100085146391,0.0008714073245683629
2024-12-20,0.0008217863466255526,0.0008428044251664879,0.0008687861727019186,0.0009041875865758442
2024-12-27,0.0006535646970062814,0.000690258426571333,0.0007136620734935484,0.0007415046502305955
2025-01-03,0.0006529169520048672,0.000681435096262728,0.0007099029592347872,0.0007429827150067236
2025-01-10,0.0006536791279436738,0.0006969077450571515,0.0007281562820142806,0.000761312984118856
2025-01-17,0.0008175562898291577,0.0008722422696576526,0.0009101414946375286,0.0009510390203255614
2025-01-24,0.0006544031583541887,0.0006872543552030042,0.0007155219801704416,0.0007494993800409855
2025-01-31,0.0008142022419115325,0.0008434178490823729,0.0008819018309329518,0.0009276680126133474
2025-02-07,0.00081869959058678,0.0008366401432113868,0.0008701195824973862,0.00091173922063148
2025-02-14,0.0008207194247318306,0.0008507982925245461,0.0008799616294250523,0.0009200835351912406
2025-02-21,0.0006545174558953981,0.0006746986112455833,0.0006988851188025613,0.0007343770518555282
2025-02-28,0.0008148502088478615,0.0008002799427828666,0.0008340113732767662,0.0008844452151699489
2025-03-07,0.000816146164122733,0.0007862787221877277,0.0008264704296814251,0.0008826215760027178
2025-03-14,0.0008148502270239888,0.0007863167876507315,0.000831918438297885,0.0008922323826707768
2025-03-21,0.0008143546940562185,0.0007866224340851158,0.0008291386725070016,0.0008888912361508794
2025-03-28,0.0008139735230603407,0.000790591232034954,0.0008394959389714796,0.000906201306562826
2025-04-04,0.0008142019399099976,0.0007522683181471201,0.0008028313749945948,0.0008758175570096061
2025-04-11,0.0008153450707300003,0.0007805025751921324,0.0008434434838773264,0.0009240953793119289
2025-04-18,0.0006535648469581101,0.0006155646054732955,0.0006722639803504737,0.0007418077324892192
2025-04-25,0.0008174419923181464,0.0007693613231147811,0.0008452805160086285,0.0009354336500622118
2025-05-02,0.0008153456941391024,0.0007435559861692642,0.0008211740898722564,0.0009137876978357884
2025-05-09,0.0008190427366920883,0.0007668394489419583,0.0008423129884573832,0.0009338834492598203
2025-05-16,0.0008297864539459354,0.0007983756166538569,0.0008691700708873817,0.0009539571979284567
2025-05-23,0.0008236915209309803,0.0007974220374271646,0.0008780627935867091,0.0009720424610246692
2025-05-30,0.000656689247768627,0.0006252255729313205,0.0006894596088153904,0.0007659317354955508
2025-06-06,0.0008231581146851408,0.0007820007575090049,0.000861982385391924,0.000957627643915604
2025-06-13,0.0008257107433811139,0.0007847128944982185,0.0008603856741626892,0.0009518365046001787
2025-06-20,0.0006564605019585557,0.0006219043286714854,0.0006843635887725519,0.0007607840760437412
2025-06-27,0.0008135159037685469,0.0007484544324105613,0.0008334807151957335,0.0009378243676960718
2025-07-04,0.0006562318938454492,0.0006015771993628238,0.0006655246155788941,0.0007460893192696716
2025-07-11,0.0008249107165854141,0.0007706230272954695,0.000851713368816176,0.0009522151314540483
2025-07-18,0.0008223579790784807,0.0007780325722368531,0.0008648363497782974,0.0009692838620956046
2025-07-25,0.0008236152747047587,0.0007647771778109824,0.0008505343893325801,0.0009558882458522433
2025-08-01,0.0008209858456931229,0.0007624035570199528,0.0008435282795851151,0.0009472916921549057
2025-08-08,0.000805471069769137,0.000736021661898123,0.0008221664674574747,0.0009324810952628937
2025-08-15,0.0008016571263134153,0.000743367701470321,0.0008328329285809399,0.0009444147152717353
2025-08-22,0.0008000168909088057,0.0007442086192321895,0.0008367933045234643,0.0009517238842167153
2025-08-29,0.000792080964952202,0.0007259166609918655,0.0008244530489214252,0.0009496415668084346
